Time, Rc (Maximum a Posteriori)
0,0.067355444
0,0.067355444
0,0.067355444
0,0.067355444
0,0.067355444
1,0.039213241
2,0.019985199
2,0.019985199
2,0.019985199
2,0.019985199
2,0.019985199
2,0.019985199
4,0.066365931
4,0.066365931
5,0.124628677
5,0.124628677
5,0.124628677
5,0.124628677
5,0.124628677
5,0.124628677
5,0.124628677
6,0.088779531
7,0.050339495
7,0.050339495
7,0.050339495
7,0.050339495
7,0.050339495
7,0.050339495
8,0.020417311
8,0.020417311
9,0.075198156
9,0.075198156
9,0.075198156
9,0.075198156
9,0.075198156
10,0.05840752
11,0.16370494
11,0.16370494
11,0.16370494
12,0.16768833
13,0.123368201
14,0.095821907
14,0.095821907
16,0.191743049
16,0.191743049
16,0.191743049
16,0.191743049
16,0.191743049
17,0.255306977
17,0.255306977
18,0.231688021
18,0.231688021
18,0.231688021
19,0.15784125
19,0.15784125
19,0.15784125
19,0.15784125
19,0.15784125
20,0.218480199
20,0.218480199
21,0.143348219
21,0.143348219
22,0.392919622
22,0.392919622
22,0.392919622
23,0.426318405
23,0.426318405
24,0.483279279
24,0.483279279
24,0.483279279
25,0.495658477
26,0.36172662
26,0.36172662
27,0.21739781
28,0.170275472
28,0.170275472
28,0.170275472
28,0.170275472
29,0.304929863
32,0.286425537
32,0.286425537
34,0.347070335
35,0.413982437
35,0.413982437
35,0.413982437
35,0.413982437
36,0.27782598
36,0.27782598
36,0.27782598
37,0.376996952
37,0.376996952
37,0.376996952
37,0.376996952
37,0.376996952
37,0.376996952
37,0.376996952
38,0.411778682
39,0.30255613
40,0.312850242
40,0.312850242
40,0.312850242
40,0.312850242
40,0.312850242
40,0.312850242
40,0.312850242
41,0.276124429
41,0.276124429
42,0.241802634
42,0.241802634
42,0.241802634
42,0.241802634
42,0.241802634
42,0.241802634
43,0.147979511
43,0.147979511
44,0.076715713
44,0.076715713
44,0.076715713
45,0.136450809
45,0.136450809
45,0.136450809
45,0.136450809
46,0.147729294
47,0.315767913
47,0.315767913
48,0.265193874
50,0.143271229
50,0.143271229
51,0.075161315
51,0.075161315
52,0.038148617
52,0.038148617
53,3.53E-13
53,3.53E-13
53,3.53E-13
53,3.53E-13
53,3.53E-13
54,0.075536826
54,0.075536826
54,0.075536826
54,0.075536826
55,0.185044323
55,0.185044323
56,0.178101065
56,0.178101065
56,0.178101065
57,0.271472368
57,0.271472368
57,0.271472368
57,0.271472368
58,0.374361267
58,0.374361267
59,0.283514898
59,0.283514898
59,0.283514898
59,0.283514898
60,0.184774998
60,0.184774998
60,0.184774998
61,0.411800028
61,0.411800028
62,0.567626367
62,0.567626367
63,0.670247399
64,1.000658704
64,1.000658704
66,1.081981052
66,1.081981052
67,0.806480729
68,0.736239416
68,0.736239416
69,0.748686263
71,0.469948472
71,0.469948472
72,0.365172887
72,0.365172887
73,0.27212783
74,0.195470813
74,0.195470813
75,0.395912716
75,0.395912716
76,0.549304147
77,0.779490326
77,0.779490326
77,0.779490326
77,0.779490326
77,0.779490326
78,0.680007053
79,0.621605331
79,0.621605331
81,0.247425041
82,0.127256246
82,0.127256246
82,0.127256246
83,0.064631417
83,0.064631417
83,0.064631417
83,0.064631417
84,0.184965203
84,0.184965203
85,0.287637013
85,0.287637013
85,0.287637013
85,0.287637013
86,0.257495667
86,0.257495667
86,0.257495667
87,0.185498873
87,0.185498873
87,0.185498873
88,0.108073059
88,0.108073059
90,0.108506417
90,0.108506417
90,0.108506417
90,0.108506417
90,0.108506417
91,0.178817562
91,0.178817562
92,0.262983557
92,0.262983557
92,0.262983557
92,0.262983557
93,0.274349621
93,0.274349621
94,0.176292123
94,0.176292123
94,0.176292123
95,0.153963865
95,0.153963865
95,0.153963865
95,0.153963865
95,0.153963865
95,0.153963865
95,0.153963865
95,0.153963865
96,0.347626399
96,0.347626399
96,0.347626399
96,0.347626399
96,0.347626399
96,0.347626399
97,0.244560945
97,0.244560945
97,0.244560945
98,0.159689159
98,0.159689159
98,0.159689159
98,0.159689159
99,0.461243802
99,0.461243802
99,0.461243802
99,0.461243802
100,0.95065208
100,0.95065208
100,0.95065208
102,0.979884986
103,0.942373931
104,0.821046418
104,0.821046418
104,0.821046418
104,0.821046418
104,0.821046418
105,0.674492774
105,0.674492774
106,0.436572235
106,0.436572235
106,0.436572235
107,0.242460999
107,0.242460999
108,0.283745728
108,0.283745728
109,0.211030381
109,0.211030381
109,0.211030381
109,0.211030381
109,0.211030381
109,0.211030381
109,0.211030381
110,0.154147357
110,0.154147357
110,0.154147357
110,0.154147357
111,0.129197228
111,0.129197228
111,0.129197228
111,0.129197228
111,0.129197228
111,0.129197228
111,0.129197228
112,0.081983733
112,0.081983733
112,0.081983733
112,0.081983733
112,0.081983733
112,0.081983733
113,0.115492764
113,0.115492764
113,0.115492764
113,0.115492764
113,0.115492764
114,0.264265873
114,0.264265873
114,0.264265873
114,0.264265873
114,0.264265873
114,0.264265873
114,0.264265873
115,0.300633934
115,0.300633934
115,0.300633934
116,0.296555701
116,0.296555701
117,0.320855293
117,0.320855293
117,0.320855293
118,0.204290517
118,0.204290517
119,0.12989552
119,0.12989552
119,0.12989552
120,0.108434896
120,0.108434896
120,0.108434896
120,0.108434896
120,0.108434896
120,0.108434896
120,0.108434896
120,0.108434896
120,0.108434896
120,0.108434896
120,0.108434896
120,0.108434896
120,0.108434896
121,0.262138806
121,0.262138806
121,0.262138806
121,0.262138806
121,0.262138806
121,0.262138806
121,0.262138806
122,0.229540889
122,0.229540889
122,0.229540889
122,0.229540889
122,0.229540889
122,0.229540889
122,0.229540889
122,0.229540889
122,0.229540889
123,0.209720092
123,0.209720092
123,0.209720092
123,0.209720092
123,0.209720092
123,0.209720092
123,0.209720092
123,0.209720092
123,0.209720092
123,0.209720092
123,0.209720092
124,0.189295239
124,0.189295239
124,0.189295239
124,0.189295239
124,0.189295239
124,0.189295239
124,0.189295239
125,0.308380938
125,0.308380938
125,0.308380938
126,0.252408893
126,0.252408893
127,0.180667678
127,0.180667678
127,0.180667678
127,0.180667678
127,0.180667678
127,0.180667678
127,0.180667678
127,0.180667678
127,0.180667678
127,0.180667678
128,0.166845556
128,0.166845556
128,0.166845556
128,0.166845556
129,0.085704089
129,0.085704089
129,0.085704089
129,0.085704089
129,0.085704089
129,0.085704089
130,0.191248495
130,0.191248495
130,0.191248495
131,0.257679428
131,0.257679428
131,0.257679428
131,0.257679428
131,0.257679428
131,0.257679428
131,0.257679428
131,0.257679428
132,0.35965189
133,0.337747856
133,0.337747856
133,0.337747856
133,0.337747856
133,0.337747856
133,0.337747856
133,0.337747856
133,0.337747856
133,0.337747856
133,0.337747856
134,0.491498811
134,0.491498811
134,0.491498811
134,0.491498811
135,0.522716525
135,0.522716525
135,0.522716525
135,0.522716525
135,0.522716525
136,0.481590424
136,0.481590424
136,0.481590424
136,0.481590424
136,0.481590424
136,0.481590424
136,0.481590424
137,0.322940964
137,0.322940964
138,0.178001251
138,0.178001251
138,0.178001251
138,0.178001251
138,0.178001251
138,0.178001251
139,0.150737415
139,0.150737415
139,0.150737415
139,0.150737415
139,0.150737415
139,0.150737415
139,0.150737415
139,0.150737415
139,0.150737415
139,0.150737415
140,0.102475218
140,0.102475218
140,0.102475218
140,0.102475218
140,0.102475218
141,0.317942484
141,0.317942484
142,0.293459622
142,0.293459622
142,0.293459622
142,0.293459622
142,0.293459622
142,0.293459622
143,0.354645951
143,0.354645951
143,0.354645951
143,0.354645951
143,0.354645951
143,0.354645951
143,0.354645951
143,0.354645951
144,0.495356508
144,0.495356508
144,0.495356508
144,0.495356508
144,0.495356508
144,0.495356508
144,0.495356508
145,0.326808033
145,0.326808033
145,0.326808033
145,0.326808033
145,0.326808033
145,0.326808033
146,0.293351931
146,0.293351931
146,0.293351931
146,0.293351931
146,0.293351931
146,0.293351931
146,0.293351931
146,0.293351931
146,0.293351931
147,0.351318616
147,0.351318616
147,0.351318616
147,0.351318616
147,0.351318616
147,0.351318616
147,0.351318616
147,0.351318616
147,0.351318616
148,0.417753366
148,0.417753366
148,0.417753366
148,0.417753366
149,0.275751213
149,0.275751213
149,0.275751213
149,0.275751213
150,0.131172333
150,0.131172333
150,0.131172333
151,0.269155736
151,0.269155736
151,0.269155736
151,0.269155736
151,0.269155736
151,0.269155736
151,0.269155736
151,0.269155736
151,0.269155736
151,0.269155736
151,0.269155736
151,0.269155736
151,0.269155736
151,0.269155736
152,0.446215488
152,0.446215488
152,0.446215488
152,0.446215488
152,0.446215488
152,0.446215488
152,0.446215488
152,0.446215488
152,0.446215488
152,0.446215488
153,0.850036503
153,0.850036503
153,0.850036503
153,0.850036503
153,0.850036503
154,0.960342154
154,0.960342154
154,0.960342154
154,0.960342154
154,0.960342154
154,0.960342154
154,0.960342154
155,1.183085767
155,1.183085767
155,1.183085767
156,0.892574012
157,0.783339634
157,0.783339634
157,0.783339634
158,0.610013146
158,0.610013146
158,0.610013146
158,0.610013146
159,0.386483584
159,0.386483584
159,0.386483584
159,0.386483584
160,0.161940657
160,0.161940657
160,0.161940657
160,0.161940657
160,0.161940657
160,0.161940657
160,0.161940657
160,0.161940657
161,0.098002226
161,0.098002226
161,0.098002226
161,0.098002226
161,0.098002226
161,0.098002226
161,0.098002226
161,0.098002226
162,0.207340129
162,0.207340129
162,0.207340129
162,0.207340129
162,0.207340129
162,0.207340129
162,0.207340129
162,0.207340129
162,0.207340129
162,0.207340129
162,0.207340129
162,0.207340129
162,0.207340129
163,0.261907206
163,0.261907206
163,0.261907206
163,0.261907206
164,0.239467463
164,0.239467463
164,0.239467463
164,0.239467463
164,0.239467463
164,0.239467463
165,0.242501542
165,0.242501542
165,0.242501542
165,0.242501542
165,0.242501542
165,0.242501542
165,0.242501542
166,0.163569512
166,0.163569512
166,0.163569512
166,0.163569512
166,0.163569512
166,0.163569512
166,0.163569512
167,0.151790418
167,0.151790418
167,0.151790418
167,0.151790418
167,0.151790418
167,0.151790418
168,0.136051837
168,0.136051837
169,0.10503968
169,0.10503968
169,0.10503968
169,0.10503968
169,0.10503968
169,0.10503968
170,0.088680143
170,0.088680143
170,0.088680143
170,0.088680143
170,0.088680143
170,0.088680143
170,0.088680143
170,0.088680143
170,0.088680143
171,0.080505291
171,0.080505291
171,0.080505291
171,0.080505291
171,0.080505291
171,0.080505291
171,0.080505291
172,0.040433074
172,0.040433074
172,0.040433074
172,0.040433074
172,0.040433074
172,0.040433074
172,0.040433074
173,0.10762494
173,0.10762494
173,0.10762494
173,0.10762494
174,0.136640774
174,0.136640774
174,0.136640774
174,0.136640774
174,0.136640774
175,0.20401918
175,0.20401918
175,0.20401918
175,0.20401918
175,0.20401918
175,0.20401918
175,0.20401918
175,0.20401918
175,0.20401918
175,0.20401918
176,0.261591956
176,0.261591956
176,0.261591956
176,0.261591956
176,0.261591956
177,0.239056608
177,0.239056608
177,0.239056608
177,0.239056608
177,0.239056608
177,0.239056608
177,0.239056608
178,0.241619396
178,0.241619396
178,0.241619396
178,0.241619396
178,0.241619396
179,0.137854717
179,0.137854717
180,0.071487135
180,0.071487135
180,0.071487135
181,0.301223917
181,0.301223917
181,0.301223917
181,0.301223917
181,0.301223917
181,0.301223917
181,0.301223917
181,0.301223917
181,0.301223917
181,0.301223917
182,0.462750026
182,0.462750026
183,0.631913851
183,0.631913851
183,0.631913851
184,0.532324467
184,0.532324467
184,0.532324467
184,0.532324467
184,0.532324467
185,0.362987372
185,0.362987372
185,0.362987372
185,0.362987372
186,0.314304814
186,0.314304814
186,0.314304814
187,0.200490381
187,0.200490381
187,0.200490381
188,0.224383451
188,0.224383451
189,0.352316477
189,0.352316477
189,0.352316477
189,0.352316477
189,0.352316477
190,0.410420285
190,0.410420285
190,0.410420285
190,0.410420285
191,0.291730715
192,0.415701562
192,0.415701562
193,0.380661544
194,0.258988923
194,0.258988923
194,0.258988923
194,0.258988923
194,0.258988923
195,0.243297969
195,0.243297969
195,0.243297969
195,0.243297969
196,0.146706034
196,0.146706034
196,0.146706034
196,0.146706034
196,0.146706034
196,0.146706034
197,0.061977055
197,0.061977055
197,0.061977055
197,0.061977055
198,0.118150549
198,0.118150549
198,0.118150549
199,0.073714123
199,0.073714123
199,0.073714123
200,0.050386804
200,0.050386804
200,0.050386804
200,0.050386804
200,0.050386804
200,0.050386804
200,0.050386804
201,0.120265053
201,0.120265053
201,0.120265053
202,0.355746651
202,0.355746651
202,0.355746651
202,0.355746651
202,0.355746651
202,0.355746651
202,0.355746651
203,0.708278756
203,0.708278756
203,0.708278756
203,0.708278756
205,0.840295734
205,0.840295734
205,0.840295734
206,0.652420574
206,0.652420574
206,0.652420574
206,0.652420574
207,0.41882192
208,0.612829515
208,0.612829515
208,0.612829515
209,0.537800622
209,0.537800622
210,0.470797489
210,0.470797489
210,0.470797489
212,0.358423407
212,0.358423407
212,0.358423407
212,0.358423407
212,0.358423407
213,0.321256997
213,0.321256997
213,0.321256997
213,0.321256997
214,0.253361796
214,0.253361796
215,0.435943601
215,0.435943601
215,0.435943601
215,0.435943601
216,0.566592602
216,0.566592602
216,0.566592602
217,0.5123753
217,0.5123753
217,0.5123753
218,0.389200954
219,0.238014261
219,0.238014261
219,0.238014261
219,0.238014261
219,0.238014261
220,0.079817424
220,0.079817424
220,0.079817424
221,0.062219241
221,0.062219241
221,0.062219241
221,0.062219241
221,0.062219241
222,0.116672541
222,0.116672541
222,0.116672541
223,0.357325602
223,0.357325602
223,0.357325602
224,0.339030403
224,0.339030403
224,0.339030403
225,0.239420713
225,0.239420713
225,0.239420713
225,0.239420713
225,0.239420713
225,0.239420713
226,0.256994041
226,0.256994041
226,0.256994041
226,0.256994041
226,0.256994041
226,0.256994041
226,0.256994041
227,0.150427793
227,0.150427793
227,0.150427793
227,0.150427793
227,0.150427793
228,0.179395333
228,0.179395333
228,0.179395333
228,0.179395333
229,0.267409206
230,0.181807192
230,0.181807192
230,0.181807192
231,0.133891405
231,0.133891405
231,0.133891405
231,0.133891405
232,0.082068446
232,0.082068446
232,0.082068446
233,0.027818115
233,0.027818115
233,0.027818115
234,2.57E-13
235,0.280890544
235,0.280890544
235,0.280890544
235,0.280890544
235,0.280890544
235,0.280890544
235,0.280890544
235,0.280890544
235,0.280890544
235,0.280890544
236,0.752648671
237,0.695624863
237,0.695624863
238,0.524381079
239,0.394880283
239,0.394880283
240,0.434515942
240,0.434515942
240,0.434515942
240,0.434515942
241,0.373619951
241,0.373619951
241,0.373619951
242,0.381937384
242,0.381937384
242,0.381937384
242,0.381937384
242,0.381937384
243,0.489888265
243,0.489888265
243,0.489888265
244,0.681752324
244,0.681752324
244,0.681752324
245,0.814921238
245,0.814921238
245,0.814921238
245,0.814921238
245,0.814921238
245,0.814921238
247,0.681881759
247,0.681881759
247,0.681881759
248,0.54595666
249,0.392743299
249,0.392743299
249,0.392743299
250,0.335666008
250,0.335666008
251,0.401834591
251,0.401834591
251,0.401834591
251,0.401834591
251,0.401834591
252,0.41197101
252,0.41197101
252,0.41197101
252,0.41197101
252,0.41197101
254,0.305526
254,0.305526
254,0.305526
254,0.305526
255,0.254081816
255,0.254081816
256,0.247530715
256,0.247530715
256,0.247530715
256,0.247530715
256,0.247530715
256,0.247530715
257,0.238777914
257,0.238777914
257,0.238777914
257,0.238777914
258,0.144382992
258,0.144382992
258,0.144382992
259,0.161402228
259,0.161402228
259,0.161402228
259,0.161402228
260,0.094040995
260,0.094040995
260,0.094040995
260,0.094040995
260,0.094040995
260,0.094040995
261,0.04682252
261,0.04682252
262,0.131560569
262,0.131560569
262,0.131560569
262,0.131560569
262,0.131560569
262,0.131560569
263,0.270641372
263,0.270641372
263,0.270641372
263,0.270641372
264,0.392120676
264,0.392120676
264,0.392120676
264,0.392120676
265,0.326557115
265,0.326557115
266,0.207870165
266,0.207870165
266,0.207870165
267,0.14067078
267,0.14067078
267,0.14067078
268,0.173177121
268,0.173177121
268,0.173177121
268,0.173177121
269,0.297314051
269,0.297314051
269,0.297314051
269,0.297314051
269,0.297314051
270,0.509180222
270,0.509180222
271,0.391261563
272,0.310924729
272,0.310924729
272,0.310924729
272,0.310924729
273,0.495084042
273,0.495084042
274,0.581758247
275,0.558477898
275,0.558477898
276,0.625246488
276,0.625246488
276,0.625246488
277,0.522735061
278,0.346537274
278,0.346537274
280,0.201202605
280,0.201202605
280,0.201202605
281,0.265006297
281,0.265006297
281,0.265006297
282,0.188136959
282,0.188136959
283,0.138676237
283,0.138676237
283,0.138676237
284,0.085169187
284,0.085169187
285,0.029143213
286,2.70E-13
286,2.70E-13
287,0.142341958
287,0.142341958
287,0.142341958
287,0.142341958
288,0.119114928
289,0.092518327
289,0.092518327
290,0.199501279
290,0.199501279
292,0.122658484
292,0.122658484
293,0.095270659
293,0.095270659
293,0.095270659
294,0.077231263
294,0.077231263
295,0.172548529
295,0.172548529
296,0.394800898
297,0.323361671
297,0.323361671
297,0.323361671
297,0.323361671
298,0.242712104
298,0.242712104
298,0.242712104
299,0.265147695
300,0.297147662
300,0.297147662
301,0.265717564
302,0.215052384
302,0.215052384
302,0.215052384
303,0.662734542
303,0.662734542
304,0.704195149
304,0.704195149
306,0.591757322
307,0.486491143
307,0.486491143
310,0.276414712
310,0.276414712
311,0.20280769
311,0.20280769
313,0.084348025
313,0.084348025
313,0.084348025
315,3.96E-13
315,3.96E-13
315,3.96E-13
316,0.427252156
316,0.427252156
318,0.9160941
319,0.889447662
320,0.679706762
320,0.679706762
320,0.679706762
320,0.679706762
321,0.590343688
321,0.590343688
321,0.590343688
322,0.369648491
323,0.265513655
323,0.265513655
324,0.195625363
324,0.195625363
324,0.195625363
324,0.195625363
325,0.375145219
327,0.493410064
327,0.493410064
327,0.493410064
330,0.316916929
333,0.778639122
334,0.644081496
336,0.41863512
337,0.28615528
337,0.28615528
338,0.342735652
338,0.342735652
338,0.342735652
338,0.342735652
339,0.296082377
339,0.296082377
339,0.296082377
339,0.296082377
340,0.304510152
341,0.230181272
342,0.149210152
342,0.149210152
343,0.063870269
343,0.063870269
344,0.032417772
344,0.032417772
346,0.063778518
347,0.311503204
347,0.311503204
348,0.370596388
349,0.318557499
349,0.318557499
351,0.189391645
353,0.149548926
353,0.149548926
353,0.149548926
354,0.267218376
354,0.267218376
354,0.267218376
356,0.263550761
358,0.307752269
358,0.307752269
358,0.307752269
358,0.307752269
360,0.215107342
363,0.07807148
363,0.07807148
365,0
365.9972678,0
367.9918033,0
368.989071,0
368.989071,0
368.989071,0
368.989071,0
369.9863388,0
370.9836066,0
370.9836066,0
372.9781421,0
373.9754098,0
373.9754098,0
373.9754098,0
373.9754098,0
374.9726776,0.247308174
375.9699454,0.225819602
376.9672131,0.198408043
376.9672131,0.198408043
379.9590164,0.086897304
380.9562842,0.043158833
383.9480874,0
383.9480874,0
384.9453552,0
386.9398907,0.183815255
387.9371585,0.161502476
388.9344262,0.13478065
388.9344262,0.13478065
389.931694,0.104261348
389.931694,0.104261348
390.9289617,0.070733674
390.9289617,0.070733674
391.9262295,0.035130927
393.920765,0
393.920765,0
394.9180328,0
394.9180328,0
395.9153005,0
395.9153005,0
396.9125683,0
396.9125683,0
398.9071038,0.130704751
401.8989071,0.188889393
401.8989071,0.188889393
403.8934426,0.26849015
403.8934426,0.26849015
404.8907104,0.583991926
404.8907104,0.583991926
405.8879781,0.565639522
405.8879781,0.565639522
406.8852459,0.423411336
406.8852459,0.423411336
407.8825137,0.310218142
407.8825137,0.310218142
408.8797814,0.302893697
413.8661202,0.628532446
414.863388,0.601193224
415.8606557,0.498570895
415.8606557,0.498570895
415.8606557,0.498570895
418.852459,0.121547132
419.8497268,0.038135125
420.8469945,0
420.8469945,0
421.8442623,0
424.8360656,0.147655472
424.8360656,0.147655472
424.8360656,0.147655472
425.8333333,0.15064574
425.8333333,0.15064574
426.8306011,0.125720244
427.8278689,0.097252552
429.8224044,0.032769308
430.8196721,0
430.8196721,0
432.8142077,0
432.8142077,0
433.8114754,0
433.8114754,0
434.8087432,0
434.8087432,0
434.8087432,0
435.8060109,0.116979574
435.8060109,0.116979574
437.8005464,0.165046692
438.7978142,0.242481475
439.795082,0.250071049
439.795082,0.250071049
439.795082,0.250071049
441.7896175,0.425272429
441.7896175,0.425272429
441.7896175,0.425272429
441.7896175,0.425272429
442.7868852,0.554714506
443.784153,0.461038027
444.7814208,0.343578302
445.7786885,0.247664323
446.7759563,0.146171955
447.773224,0.936217218
448.7704918,0.987492029
448.7704918,0.987492029
449.7677596,0.842897883
452.7595628,0.469483342
456.7486339,0.336189034
456.7486339,0.336189034
456.7486339,0.336189034
457.7459016,0.371335679
458.7431694,0.534881137
458.7431694,0.534881137
458.7431694,0.534881137
459.7404372,0.641351333
459.7404372,0.641351333
459.7404372,0.641351333
459.7404372,0.641351333
461.7349727,0.790378025
461.7349727,0.790378025
462.7322404,0.824184133
462.7322404,0.824184133
463.7295082,0.620664202
464.726776,0.444373216
464.726776,0.444373216
465.7240437,0.257952329
466.7213115,0.128007133
466.7213115,0.128007133
466.7213115,0.128007133
469.7131148,0
469.7131148,0
469.7131148,0
469.7131148,0
470.7103825,0
470.7103825,0
471.7076503,0
473.7021858,0.204800306
473.7021858,0.204800306
474.6994536,0.198855741
475.6967213,0.153827479
475.6967213,0.153827479
475.6967213,0.153827479
475.6967213,0.153827479
475.6967213,0.153827479
475.6967213,0.153827479
476.6939891,0.159128002
476.6939891,0.159128002
476.6939891,0.159128002
477.6912568,0.14789629
477.6912568,0.14789629
477.6912568,0.14789629
478.6885246,0.074311592
478.6885246,0.074311592
478.6885246,0.074311592
478.6885246,0.074311592
478.6885246,0.074311592
479.6857923,0.144024503
479.6857923,0.144024503
480.6830601,0.124136354
480.6830601,0.124136354
480.6830601,0.124136354
481.6803279,0.172070939
481.6803279,0.172070939
481.6803279,0.172070939
482.6775956,0.276491919
482.6775956,0.276491919
482.6775956,0.276491919
482.6775956,0.276491919
483.6748634,0.446681737
483.6748634,0.446681737
483.6748634,0.446681737
485.6693989,0.545528317
485.6693989,0.545528317
485.6693989,0.545528317
486.6666667,0.481483441
487.6639344,0.342236537
487.6639344,0.342236537
488.6612022,0.220304122
488.6612022,0.220304122
489.6584699,0.179328711
489.6584699,0.179328711
490.6557377,0.128943417
490.6557377,0.128943417
490.6557377,0.128943417
490.6557377,0.128943417
491.6530055,0.171353384
491.6530055,0.171353384
491.6530055,0.171353384
492.6502732,0.338599131
492.6502732,0.338599131
493.647541,0.386812431
493.647541,0.386812431
493.647541,0.386812431
493.647541,0.386812431
494.6448087,0.30512623
494.6448087,0.30512623
495.6420765,0.206929336
495.6420765,0.206929336
495.6420765,0.206929336
495.6420765,0.206929336
496.6393443,0.191541029
496.6393443,0.191541029
497.636612,0.093661829
497.636612,0.093661829
498.6338798,0.069275346
498.6338798,0.069275346
498.6338798,0.069275346
498.6338798,0.069275346
498.6338798,0.069275346
498.6338798,0.069275346
498.6338798,0.069275346
498.6338798,0.069275346
498.6338798,0.069275346
499.6311475,0.233368599
499.6311475,0.233368599
499.6311475,0.233368599
499.6311475,0.233368599
499.6311475,0.233368599
499.6311475,0.233368599
499.6311475,0.233368599
499.6311475,0.233368599
499.6311475,0.233368599
499.6311475,0.233368599
499.6311475,0.233368599
499.6311475,0.233368599
500.6284153,0.323870677
501.6256831,0.363210749
501.6256831,0.363210749
501.6256831,0.363210749
502.6229508,0.23582742
502.6229508,0.23582742
502.6229508,0.23582742
502.6229508,0.23582742
503.6202186,0.256278762
503.6202186,0.256278762
503.6202186,0.256278762
503.6202186,0.256278762
503.6202186,0.256278762
504.6174863,0.253883877
504.6174863,0.253883877
504.6174863,0.253883877
504.6174863,0.253883877
504.6174863,0.253883877
504.6174863,0.253883877
505.6147541,0.479253919
505.6147541,0.479253919
505.6147541,0.479253919
505.6147541,0.479253919
505.6147541,0.479253919
506.6120219,0.673604645
506.6120219,0.673604645
506.6120219,0.673604645
506.6120219,0.673604645
507.6092896,0.858666695
508.6065574,0.633645812
509.6038251,0.421527982
509.6038251,0.421527982
509.6038251,0.421527982
509.6038251,0.421527982
509.6038251,0.421527982
509.6038251,0.421527982
510.6010929,0.408373812
510.6010929,0.408373812
510.6010929,0.408373812
510.6010929,0.408373812
511.5983607,0.801330136
511.5983607,0.801330136
511.5983607,0.801330136
511.5983607,0.801330136
512.5956284,0.782350745
512.5956284,0.782350745
512.5956284,0.782350745
512.5956284,0.782350745
513.5928962,1.036069897
513.5928962,1.036069897
513.5928962,1.036069897
513.5928962,1.036069897
513.5928962,1.036069897
514.5901639,0.967859608
514.5901639,0.967859608
514.5901639,0.967859608
515.5874317,0.875787131
515.5874317,0.875787131
515.5874317,0.875787131
516.5846995,0.849827939
516.5846995,0.849827939
516.5846995,0.849827939
516.5846995,0.849827939
517.5819672,0.519511086
517.5819672,0.519511086
517.5819672,0.519511086
518.579235,0.383402511
518.579235,0.383402511
518.579235,0.383402511
518.579235,0.383402511
519.5765027,0.375245201
519.5765027,0.375245201
520.5737705,0.557153685
520.5737705,0.557153685
520.5737705,0.557153685
520.5737705,0.557153685
520.5737705,0.557153685
521.5710383,0.720483732
521.5710383,0.720483732
522.568306,0.598837478
522.568306,0.598837478
522.568306,0.598837478
522.568306,0.598837478
522.568306,0.598837478
523.5655738,0.441280379
523.5655738,0.441280379
523.5655738,0.441280379
524.5628415,0.230008639
524.5628415,0.230008639
524.5628415,0.230008639
525.5601093,0.072634366
525.5601093,0.072634366
525.5601093,0.072634366
525.5601093,0.072634366
525.5601093,0.072634366
525.5601093,0.072634366
525.5601093,0.072634366
525.5601093,0.072634366
525.5601093,0.072634366
525.5601093,0.072634366
525.5601093,0.072634366
525.5601093,0.072634366
526.557377,0.113646804
526.557377,0.113646804
526.557377,0.113646804
527.5546448,0.1524092
527.5546448,0.1524092
527.5546448,0.1524092
527.5546448,0.1524092
527.5546448,0.1524092
527.5546448,0.1524092
528.5519126,0.201779996
529.5491803,0.177397308
529.5491803,0.177397308
529.5491803,0.177397308
529.5491803,0.177397308
529.5491803,0.177397308
529.5491803,0.177397308
530.5464481,0.180790933
530.5464481,0.180790933
530.5464481,0.180790933
530.5464481,0.180790933
530.5464481,0.180790933
530.5464481,0.180790933
530.5464481,0.180790933
530.5464481,0.180790933
530.5464481,0.180790933
531.5437158,0.216197696
531.5437158,0.216197696
531.5437158,0.216197696
532.5409836,0.205930949
532.5409836,0.205930949
532.5409836,0.205930949
532.5409836,0.205930949
532.5409836,0.205930949
533.5382514,0.131618333
533.5382514,0.131618333
533.5382514,0.131618333
533.5382514,0.131618333
533.5382514,0.131618333
533.5382514,0.131618333
533.5382514,0.131618333
534.5355191,0.066690481
535.5327869,0.06979354
535.5327869,0.06979354
535.5327869,0.06979354
535.5327869,0.06979354
535.5327869,0.06979354
535.5327869,0.06979354
535.5327869,0.06979354
536.5300546,0.095207611
536.5300546,0.095207611
536.5300546,0.095207611
538.5245902,0.049965511
538.5245902,0.049965511
538.5245902,0.049965511
538.5245902,0.049965511
538.5245902,0.049965511
538.5245902,0.049965511
539.5218579,0.024816111
539.5218579,0.024816111
539.5218579,0.024816111
540.5191257,0.074500918
540.5191257,0.074500918
540.5191257,0.074500918
540.5191257,0.074500918
540.5191257,0.074500918
540.5191257,0.074500918
540.5191257,0.074500918
541.5163934,0.098508357
541.5163934,0.098508357
542.5136612,0.088099513
542.5136612,0.088099513
543.510929,0.187552662
543.510929,0.187552662
544.5081967,0.230566321
545.5054645,0.185703706
545.5054645,0.185703706
546.5027322,0.340011494
546.5027322,0.340011494
546.5027322,0.340011494
546.5027322,0.340011494
546.5027322,0.340011494
547.5,0.313009889
547.5,0.313009889
547.5,0.313009889
547.5,0.313009889
548.4972678,0.191936014
548.4972678,0.191936014
548.4972678,0.191936014
548.4972678,0.191936014
548.4972678,0.191936014
549.4945355,0.095910984
549.4945355,0.095910984
550.4918033,0.024599716
551.489071,0.131865031
551.489071,0.131865031
551.489071,0.131865031
551.489071,0.131865031
551.489071,0.131865031
552.4863388,0.110046948
554.4808743,0.21350599
554.4808743,0.21350599
554.4808743,0.21350599
555.4781421,0.179540705
555.4781421,0.179540705
558.4699454,0.066071107
558.4699454,0.066071107
558.4699454,0.066071107
559.4672131,0.032815194
560.4644809,0
560.4644809,0
560.4644809,0
560.4644809,0
561.4617486,0
561.4617486,0
561.4617486,0
561.4617486,0
561.4617486,0
561.4617486,0
562.4590164,0.039964914
563.4562842,0.138997172
563.4562842,0.138997172
564.4535519,0.253139077
564.4535519,0.253139077
565.4508197,0.204181751
565.4508197,0.204181751
565.4508197,0.204181751
565.4508197,0.204181751
566.4480874,0.149410636
567.4453552,0.225596363
568.442623,0.142742812
568.442623,0.142742812
568.442623,0.142742812
568.442623,0.142742812
569.4398907,0.087344052
570.4371585,0.208689613
570.4371585,0.208689613
570.4371585,0.208689613
570.4371585,0.208689613
570.4371585,0.208689613
571.4344262,0.182154792
574.4262295,0.066889011
575.4234973,0.033221418
577.4180328,0
577.4180328,0
577.4180328,0
578.4153005,0
578.4153005,0
579.4125683,0
581.4071038,0.129944214
581.4071038,0.129944214
581.4071038,0.129944214
581.4071038,0.129944214
583.4016393,0.092931324
583.4016393,0.092931324
584.3989071,0.198365557
584.3989071,0.198365557
584.3989071,0.198365557
584.3989071,0.198365557
585.3961749,0.288301922
585.3961749,0.288301922
585.3961749,0.288301922
587.3907104,0.231059538
589.3852459,0.276973516
590.3825137,0.22422304
590.3825137,0.22422304
590.3825137,0.22422304
591.3797814,0.162099008
591.3797814,0.162099008
593.3743169,0.065765498
594.3715847,0.15392396
594.3715847,0.15392396
595.3688525,0.143992098
595.3688525,0.143992098
597.363388,0.092957152
597.363388,0.092957152
598.3606557,0.102513114
598.3606557,0.102513114
598.3606557,0.102513114
598.3606557,0.102513114
599.3579235,0.294700492
600.3551913,0.370858427
601.352459,0.490259337
602.3497268,0.409102856
603.3469945,0.316492634
603.3469945,0.316492634
603.3469945,0.316492634
604.3442623,0.214809309
605.3415301,0.108397093
606.3387978,0.035922528
607.3360656,0
610.3278689,0
611.3251366,0
611.3251366,0
614.3169399,0
615.3142077,0.19962976
615.3142077,0.19962976
618.3060109,0.145336716
619.3032787,0.112427132
620.3005464,0.149550672
620.3005464,0.149550672
620.3005464,0.149550672
620.3005464,0.149550672
621.2978142,0.410686307
622.295082,0.855384682
622.295082,0.855384682
622.295082,0.855384682
629.2759563,0.398008143
631.2704918,0.183551467
632.2677596,0.124526201
633.2650273,0.061847782
634.2622951,0.049498032
635.2595628,0.191372276
635.2595628,0.191372276
637.2540984,0.363400414
637.2540984,0.363400414
637.2540984,0.363400414
639.2486339,0.360069418
640.2459016,0.268002044
640.2459016,0.268002044
641.2431694,0.347346164
641.2431694,0.347346164
642.2404372,0.555636072
642.2404372,0.555636072
643.2377049,0.590467608
644.2349727,0.695587575
645.2322404,0.584260849
646.2295082,0.456833815
647.226776,0.317968872
649.2213115,0.087126707
650.2185792,0.04327277
652.2131148,0.042505394
652.2131148,0.042505394
654.2076503,0.273859135
656.2021858,0.219709094
657.1994536,0.216191315
658.1967213,0.477542738
659.1939891,1.037384756
661.1885246,0.739728641
662.1857923,0.976142092
663.1830601,0.781856272
664.1803279,0.565472882
664.1803279,0.565472882
664.1803279,0.565472882
666.1748634,0.53411671
666.1748634,0.53411671
666.1748634,0.53411671
667.1721311,0.71034501
669.1666667,0.502647095
671.1612022,0.288957874
672.1584699,0.169941486
673.1557377,0.088884548
673.1557377,0.088884548
674.1530055,0.044145827
675.1502732,0
676.147541,0.112800923
676.147541,0.112800923
676.147541,0.112800923
677.1448087,0.190116283
680.136612,0.107835337
680.136612,0.107835337
681.1338798,0.073158363
681.1338798,0.073158363
681.1338798,0.073158363
682.1311475,0.036335185
683.1284153,0
683.1284153,0
683.1284153,0
683.1284153,0
685.1229508,0
687.1174863,0.195030357
688.1147541,0.171356211
688.1147541,0.171356211
688.1147541,0.171356211
689.1120219,0.143004008
690.1092896,0.110622635
692.1038251,0.037274367
695.0956284,0
697.0901639,0
698.0874317,0
698.0874317,0
698.0874317,0
701.079235,0
703.0737705,0
703.0737705,0
708.0601093,0.180628877
708.0601093,0.180628877
708.0601093,0.180628877
709.057377,0.158702883
710.0546448,0.255900559
710.0546448,0.255900559
713.0464481,0.517851046
715.0409836,0.35480213
715.0409836,0.35480213
717.0355191,0.186767734
717.0355191,0.186767734
718.0327869,0.144103264
718.0327869,0.144103264
720.0273224,0.227103061
720.0273224,0.227103061
721.0245902,0.199798079
721.0245902,0.199798079
725.0136612,0.227122795
726.010929,0.160664485
727.0081967,0.275237374
727.0081967,0.275237374
728.0054645,0.444823221
728.0054645,0.444823221
729.0027322,0.364595655
729.0027322,0.364595655
730,0.274173396
731,0.175638486
733,0.037698124
734,0
734,0
734,0
735,0
738,0
739,0
739,0
739,0
741,0
743,0
746,0
746,0
746,0
748,0
749,0
754,0
756,0
758,0
758,0
760,0
767,0
768,0
772,0
774,0
780,0.358665125
780,0.358665125
781,0.454370091
781,0.454370091
781,0.454370091
781,0.454370091
783,0.30724479
785,0.117262058
787,0.324336889
788,0.25946083
789,0.606260631
789,0.606260631
795,0.181421678
797,0.062941879
799,0
799,0
800,0
801,0
801,0
801,0
801,0
803,0
804,0
808,0
808,0
809,0.117594571
809,0.117594571
809,0.117594571
811,0.16972759
812,0.522256595
813,0.445087296
813,0.445087296
815,0.255864082
815,0.255864082
815,0.255864082
816,0.28459915
816,0.28459915
818,0.122303305
818,0.122303305
819,0.18964976
819,0.18964976
820,0.166259395
820,0.166259395
820,0.166259395
821,0.111658862
821,0.111658862
821,0.111658862
822,0.053796003
822,0.053796003
822,0.053796003
823,0.249964187
823,0.249964187
823,0.249964187
823,0.249964187
825,0.210301585
825,0.210301585
826,0.154803527
826,0.154803527
827,0.09478777
827,0.09478777
827,0.09478777
827,0.09478777
829,2.96E-13
829,2.96E-13
829,2.96E-13
829,2.96E-13
829,2.96E-13
830,0
831,0
831,0
831,0
831,0
832,0
832,0
832,0
832,0
832,0
832,0
833,0
833,0
833,0
833,0
833,0
833,0
834,0
834,0
834,0
835,0
835,0
836,0
836,0
836,0
837,0
837,0
837,0
837,0
837,0
838,0
839,0
839,0
839,0
839,0
839,0
840,0
840,0
841,0.071345047
841,0.071345047
841,0.071345047
843,0.118666835
843,0.118666835
843,0.118666835
843,0.118666835
844,0.092170287
844,0.092170287
845,0.063002393
846,0.031977276
846,0.031977276
847,0
848,0.120924948
849,0.102577483
849,0.102577483
850,0.174422342
850,0.174422342
850,0.174422342
850,0.174422342
851,0.128053128
851,0.128053128
851,0.128053128
851,0.128053128
851,0.128053128
852,0.182463071
852,0.182463071
852,0.182463071
853,0.129173556
853,0.129173556
853,0.129173556
853,0.129173556
854,0.080499866
854,0.080499866
855,0.055025153
856,0.027928376
856,0.027928376
857,2.58E-13
858,0
859,0.020693659
859,0.020693659
859,0.020693659
859,0.020693659
860,0.138779247
860,0.138779247
862,0.090202664
862,0.090202664
862,0.090202664
862,0.090202664
863,0.061657437
863,0.061657437
863,0.061657437
864,0.111572564
864,0.111572564
864,0.111572564
865,0.142884217
866,0.119568703
866,0.119568703
867,0.092870781
867,0.092870781
868,0.063481211
868,0.063481211
869,0.032220303
869,0.032220303
870,0
870,0
870,0
871,0
871,0
871,0
871,0
871,0
872,0
872,0
873,0
873,0
875,0
876,0
876,0
876,0
876,0
876,0
876,0
877,0.130557876
877,0.130557876
878,0.109253745
878,0.109253745
879,0.084859
879,0.084859
880,0.058004811
880,0.058004811
880,0.058004811
881,0.029440721
881,0.029440721
881,0.029440721
881,0.029440721
881,0.029440721
881,0.029440721
883,0.184779969
883,0.184779969
883,0.184779969
883,0.184779969
884,0.236172702
884,0.236172702
884,0.236172702
884,0.236172702
884,0.236172702
885,0.239525375
885,0.239525375
885,0.239525375
886,0.293716567
886,0.293716567
886,0.293716567
886,0.293716567
886,0.293716567
887,0.176219182
887,0.176219182
887,0.176219182
888,0.235293355
888,0.235293355
889,0.162856756
889,0.162856756
889,0.162856756
890,0.085735131
890,0.085735131
890,0.085735131
891,0.058603684
892,0.029744683
892,0.029744683
892,0.029744683
894,0.153937437
894,0.153937437
894,0.153937437
895,0.128818284
896,0.100055067
897,0.068391982
897,0.068391982
897,0.068391982
898,0.160118258
898,0.160118258
898,0.160118258
899,0.149359535
899,0.149359535
900,0.124987394
902,0.066358093
902,0.066358093
903,0.033680483
903,0.033680483
904,0
905,0
905,0
905,0
905,0
906,0.123556327
906,0.123556327
906,0.123556327
906,0.123556327
906,0.123556327
906,0.123556327
907,0.264007465
907,0.264007465
907,0.264007465
908,0.457310318
908,0.457310318
910,0.298984474
911,0.206179163
914,0.046855371
915,4.34E-13
915,4.34E-13
915,4.34E-13
916,0
918,0.17839122
919,0.157064633
919,0.157064633
920,0.131435192
921,0.476099331
921,0.476099331
921,0.476099331
922,0.650759378
924,0.504782308
924,0.504782308
925,0.516371721
926,0.399924351
926,0.399924351
926,0.399924351
927,0.236084064
928,0.134259207
930,0.120481959
930,0.120481959
930,0.120481959
930,0.120481959
930,0.120481959
930,0.120481959
931,0.447824853
931,0.447824853
934,0.281974202
935,0.208612836
937,0.045902897
937,0.045902897
939,0
939,0
939,0
939,0
942,0
942,0
942,0
942,0
943,0.070644977
943,0.070644977
943,0.070644977
943,0.070644977
944,0.148970367
944,0.148970367
944,0.148970367
945,0.372359381
946,0.323799526
947,0.266469101
949,0.131184175
949,0.131184175
951,0.045512634
952,4.21E-13
953,0
953,0
956,0
957,0
957,0
957,0
959,0
959,0
960,0
962,0
963,0
964,0
966,0
966,0
966,0
967,0
967,0
967,0
969,0
969,0
971,0
971,0
975,0
975,0
977,0
982,0.525396862
985,0.474603138
992,7.98E-13
992,7.98E-13
992,7.98E-13
992,7.98E-13
996,0
999,0
1003,0
1004,0
1007,0
1008,0
1008,0
1010,0
1011,0
1012,0
1016,0
1018,0
1019,0
1021,0
1028,0
1028,0
1036,0
1037,0
1038,0
1040,0
1042,0
1043,0
1044,0.414451447
1045,1.002559465
1053,0.590484453
1053,0.590484453
1054,0.402020182
1057,1.29E-12
1059,0
1060,0
1064,0
1067,0
1068,0
1069,0
1070,0
1072,0
1072,0
1073,0
1081,0.157220757
1081,0.157220757
1081,0.157220757
1083,0.898871507
1088,0.629466221
1095,0.18946406
1096,0.263343214
1097,0.240882076
1098,0.212084737
1101,0.094225913
1106,0
1109,0
1109,0
1110,0
1112,0.199433912
1113,0.405194276
1113,0.405194276
1114,0.387280799
1117,0.198301683
1118,0.121296926
1118,0.121296926
1118,0.121296926
1119,0.040704277
1120,3.77E-13
1122,0.143906768
1123,0.198015618
1124,0.174342944
1125,0.145894068
1125,0.145894068
1126,0.113318081
1128,0.039314227
1128,0.039314227
1132,0
1132,0
1133,0
1133,0
1134,0
1134,0
1135,0
1135,0
1137,0
1138,0
1138,0
1138,0
1144,0
1150,0.396281558
1150,0.396281558
1154,0.207436884
1159,0
1160,0
1160,0
1161,0.287770913
1161,0.287770913
1165,0.187029561
1165,0.187029561
1168,0.050399051
1172,0.182296418
1172,0.182296418
1174,0.177103864
1175,0.148204468
1176,0.347108414
1176,0.347108414
1178,0.228883569
1178,0.228883569
1179,0.158114865
1183,3.94E-13
1183,3.94E-13
1183,3.94E-13
1184,0
1184,0
1184,0
1185,0
1185,0
1185,0
1185,0
1185,0
1187,0
1187,0
1187,0
1188,0
1188,0
1188,0
1189,0.009452241
1190,0.242734003
1192,0.255234474
1194,0.440052889
1194,0.440052889
1194,0.440052889
1194,0.440052889
1196,0.280501048
1197,0.173361675
1198,0.105242653
1198,0.105242653
1199,0.034009849
1199,0.034009849
1200,3.15E-13
1200,3.15E-13
1201,0
1202,0
1202,0
1204,0.038867752
1204,0.038867752
1205,0.142257838
1205,0.142257838
1205,0.142257838
1206,0.119044536
1207,0.092463652
1207,0.092463652
1208,0.06320292
1209,0.032079055
1209,0.032079055
1209,0.032079055
1209,0.032079055
1211,0
1211,0
1211,0
1212,0
1214,0
1214,0
1214,0
1214,0
1215,0
1215,0
1215,0
1215,0
1215,0
1216,0
1217,0
1217,0
1217,0
1218,0
1218,0
1218,0
1218,0
1218,0
1218,0
1219,0
1219,0
1219,0
1220,0
1220,0
1220,0
1220,0
1220,0
1220,0
1221,0
1222,0
1222,0
1222,0
1223,0
1223,0
1223,0
1224,0.039434165
1224,0.039434165
1225,0.144331003
1225,0.144331003
1225,0.144331003
1225,0.144331003
1226,0.120779406
1227,0.093811152
1228,0.064123995
1229,0.032546552
1229,0.032546552
1230,0
1230,0
1230,0
1230,0
1231,0.00824382
1231,0.00824382
1231,0.00824382
1231,0.00824382
1232,0.187601958
1234,0.209999226
1234,0.209999226
1234,0.209999226
1235,0.250025189
1236,0.19277084
1236,0.19277084
1236,0.19277084
1237,0.129975969
1238,0.06338449
1238,0.06338449
1239,0.032171212
1239,0.032171212
1240,2.98E-13
1241,0
1241,0
1242,0
1242,0
1243,0.055388388
1243,0.055388388
1243,0.055388388
1244,0.098723185
1244,0.098723185
1244,0.098723185
1244,0.098723185
1245,0.076679758
1245,0.076679758
1245,0.076679758
1245,0.076679758
1246,0.052413944
1247,0.144452894
1247,0.144452894
1247,0.144452894
1248,0.104394668
1248,0.104394668
1249,0.469408963
1249,0.469408963
1249,0.469408963
1250,0.380383299
1250,0.380383299
1250,0.380383299
1251,0.413246815
1252,0.321324631
1252,0.321324631
1253,0.270278207
1253,0.270278207
1253,0.270278207
1254,0.133877522
1254,0.133877522
1254,0.133877522
1255,0.081134305
1255,0.081134305
1255,0.081134305
1255,0.081134305
1255,0.081134305
1255,0.081134305
1255,0.081134305
1256,0.025990459
1256,0.025990459
1257,0.113544762
1257,0.113544762
1258,0.10294455
1258,0.10294455
1259,0.144882773
1259,0.144882773
1259,0.144882773
1259,0.144882773
1260,0.153760431
1260,0.153760431
1260,0.153760431
1261,0.166337378
1261,0.166337378
1261,0.166337378
1262,0.150821707
1262,0.150821707
1263,0.168662788
1263,0.168662788
1263,0.168662788
1263,0.168662788
1264,0.231681619
1264,0.231681619
1264,0.231681619
1264,0.231681619
1264,0.231681619
1265,0.460189638
1265,0.460189638
1266,0.428881555
1267,0.327274031
1268,0.216241774
1268,0.216241774
1268,0.216241774
1269,0.125897214
1269,0.125897214
1269,0.125897214
1269,0.125897214
1270,0.146693931
1270,0.146693931
1271,0.147589971
1271,0.147589971
1272,0.123506583
1272,0.123506583
1273,0.09592939
1274,0.065571903
1275,0.033281448
1275,0.033281448
1276,0
1277,0
1277,0
1278,0
1278,0
1278,0
1279,0
1279,0
1279,0
1280,0
1280,0
1280,0
1281,0.070132547
1281,0.070132547
1281,0.070132547
1281,0.070132547
1282,0.099299991
1283,0.077127772
1283,0.077127772
1283,0.077127772
1283,0.077127772
1283,0.077127772
1283,0.077127772
1283,0.077127772
1285,0.125675885
1285,0.125675885
1285,0.125675885
1286,0.146310281
1286,0.146310281
1287,0.12243571
1288,0.20808307
1288,0.20808307
1289,0.320560825
1290,0.321802823
1291,0.463476615
1291,0.463476615
1291,0.463476615
1291,0.463476615
1292,0.426031548
1293,0.313545147
1293,0.313545147
1294,0.191998521
1295,0.487511749
1296,0.43783481
1297,0.356375117
1298,0.298222655
1299,0.231633948
1300,0.15833186
1301,0.08036237
1301,0.08036237
1302,7.44E-13
1303,0
1303,0
1305,0
1306,0
1306,0
1307,0
1307,0
1307,0
1307,0
1308,0
1308,0
1309,0
1309,0
1310,0
1310,0
1311,0
1311,0
1311,0
1312,0
1312,0
1314,0
1316,0
1317,0
1317,0
1317,0
1317,0
1323,0
1324,0
1324,0
1324,0
1325,0
1326,0
1326,0
1331,0.375812581
1333,0.302662487
1334,0.253274727
1337,0.068250205
1338,0
1339,0
1342,0
1342,0
1345,0
1346,0
1347,0
1347,0
1350,0
1351,0
1351,0
1353,0
1355,0
1356,0
1357,0
1359,0
1359,0
1361,0
1361,0
1363,0
1364,0
1365,0
1367,0
1368,0
1370,0
1370,0
1372,0
1373,0
1375,0.01974449
1376,0.319044557
1377,0.300906425
1380,0.202792553
1381,0.157511976
1385,0
1391,0
1393,0
1394,0
1395,0
1397,0
1398,0
1399,0
1399,0
1404,0.283548022
1406,0.305148744
1409,0.205651617
1409,0.205651617
1414,0
1420,0
1421,0
1423,0
1423,0
1423,0
1426,0
1428,0
1428,0
1428,0
1428,0
1429,0
1431,0
1433,0
1439,0
1441,0
1441,0
1444,0
1445,0
1446,0
1446,0
1449,0
1451,0
1454,0
1454,0
1456,0
1457,0.116277435
1459,0.222497016
1460,0.195897602
1461,0.163931487
1462,0.127328012
1463,0.087034224
1463,0.087034224
1466,0
1466,0
1468,0
1470,0
1470,0
1473,0
1477,0
1479,0
1480,0
1481,0
1483,0
1484,0
1485,0
1486,0.245463149
1486,0.245463149
1492,0.509315438
1494,0.330300815
1494,0.330300815
1495,0.225345083
1496,0.113811553
1502,0
1502,0
1505,0.220498058
1505,0.220498058
1505,0.220498058
1511,0.221112929
1513,0.117392897
1519,0
1520,0.059841038
1520,0.059841038
1520,0.059841038
1521,0.253306211
1521,0.253306211
1525,0.132595248
1526,0.090634608
1526,0.090634608
1529,0
1530,0
1531,0
1533,0
1534,0
1536,0
1536,0
1537,0
1538,0
1539,0
1541,0
1541,0
1543,0
1543,0
1544,0
1546,0
1547,0
1548,0
1548,0
1550,0
1550,0
1550,0
1553,0
1555,0
1556,0
1556,0
1557,0
1557,0
1558,0
1558,0
1559,0
1560,0
1561,0
1562,0
1562,0
1563,0.137380836
1563,0.137380836
1564,0.147780975
1565,0.12366642
1566,0.096053538
1566,0.096053538
1566,0.096053538
1567,0.065656763
1568,0.033324519
1568,0.033324519
1568,0.033324519
1570,0
1571,0
1571,0
1573,0
1574,0
1574,0
1574,0
1577,0
1577,0
1577,0
1578,0
1580,0
1581,0
1581,0
1581,0
1581,0
1581,0
1582,0
1582,0
1582,0
1583,0
1583,0
1583,0
1583,0
1583,0
1584,0
1584,0
1584,0
1584,0
1585,0
1585,0
1586,0
1586,0
1586,0
1586,0
1586,0
1586,0
1586,0
1587,0.044410782
1587,0.044410782
1587,0.044410782
1587,0.044410782
1587,0.044410782
1588,0.097043907
1588,0.097043907
1588,0.097043907
1589,0.075375438
1589,0.075375438
1590,0.051522385
1590,0.051522385
1590,0.051522385
1590,0.051522385
1590,0.051522385
1591,0.026150523
1591,0.026150523
1591,0.026150523
1592,2.42E-13
1592,2.42E-13
1592,2.42E-13
1593,0
1593,0
1593,0
1594,0.06537918
1594,0.06537918
1594,0.06537918
1594,0.06537918
1594,0.06537918
1594,0.06537918
1594,0.06537918
1594,0.06537918
1594,0.06537918
1594,0.06537918
1595,0.139236624
1595,0.139236624
1595,0.139236624
1596,0.143020116
1596,0.143020116
1597,0.120086119
1597,0.120086119
1597,0.120086119
1598,0.148832126
1598,0.148832126
1598,0.148832126
1598,0.148832126
1599,0.101415707
1599,0.101415707
1599,0.101415707
1599,0.101415707
1599,0.101415707
1600,0.051038763
1600,0.051038763
1601,0.025905058
1601,0.025905058
1601,0.025905058
1602,2.40E-13
1603,0
1603,0
1604,0
1604,0
1604,0
1604,0
1604,0
1605,0
1605,0
1605,0
1606,0
1607,0
1607,0
1608,0.049076803
1608,0.049076803
1608,0.049076803
1608,0.049076803
1609,0.09846483
1609,0.09846483
1609,0.09846483
1609,0.09846483
1609,0.09846483
1610,0.07647909
1610,0.07647909
1611,0.052276778
1612,0.12950682
1612,0.12950682
1612,0.12950682
1612,0.12950682
1613,0.102735847
1613,0.102735847
1615,0.054544339
1615,0.054544339
1615,0.054544339
1615,0.054544339
1615,0.054544339
1615,0.054544339
1616,0.027684336
1616,0.027684336
1617,0
1617,0
1617,0
1617,0
1618,0
1618,0
1618,0
1618,0
1618,0
1618,0
1618,0
1619,0.009402598
1619,0.009402598
1620,0.09503956
1620,0.09503956
1620,0.09503956
1620,0.09503956
1621,0.073818632
1621,0.073818632
1621,0.073818632
1622,0.146043708
1622,0.146043708
1622,0.146043708
1622,0.146043708
1622,0.146043708
1622,0.146043708
1623,0.099853057
1623,0.099853057
1623,0.099853057
1624,0.078168953
1624,0.078168953
1624,0.078168953
1625,0.121351186
1625,0.121351186
1626,0.074249018
1626,0.074249018
1626,0.074249018
1626,0.074249018
1626,0.074249018
1626,0.074249018
1627,0.050752427
1627,0.050752427
1627,0.050752427
1628,0.025759726
1628,0.025759726
1628,0.025759726
1628,0.025759726
1628,0.025759726
1629,0
1629,0
1629,0
1630,0
1631,0
1631,0
1631,0
1632,0
1632,0
1632,0
1633,0
1633,0
1633,0
1634,0
1634,0
1634,0
1635,0
1636,0
1636,0
1636,0
1636,0
1637,0
1637,0
1637,0
1637,0
1638,0
1638,0
1639,0.046784591
1639,0.046784591
1640,0.096342562
1641,0.074830694
1641,0.074830694
1641,0.074830694
1641,0.074830694
1641,0.074830694
1642,0.077447642
1642,0.077447642
1642,0.077447642
1642,0.077447642
1642,0.077447642
1642,0.077447642
1642,0.077447642
1643,0.121595055
1643,0.121595055
1643,0.121595055
1644,0.074279973
1644,0.074279973
1644,0.074279973
1645,0.050773587
1645,0.050773587
1645,0.050773587
1645,0.050773587
1646,0.025770466
1646,0.025770466
1646,0.025770466
1646,0.025770466
1647,0
1647,0
1647,0
1648,0
1648,0
1649,0
1650,0
1651,0
1651,0
1651,0
1651,0
1651,0
1652,0
1652,0
1652,0
1652,0
1653,0
1653,0
1653,0
1653,0
1654,0
1654,0
1654,0
1654,0
1655,0.095728677
1655,0.095728677
1655,0.095728677
1655,0.095728677
1655,0.095728677
1655,0.095728677
1656,0.074353879
1656,0.074353879
1656,0.074353879
1656,0.074353879
1657,0.050824105
1658,0.025796106
1658,0.025796106
1658,0.025796106
1659,2.39E-13
1659,2.39E-13
1660,0
1660,0
1661,0
1662,0
1663,0
1663,0
1663,0
1664,0
1665,0
1666,0
1666,0
1667,0
1667,0
1667,0
1668,0
1669,0.033510898
1669,0.033510898
1670,0.195215955
1670,0.195215955
1671,0.171877979
1672,0.143831331
1673,0.111715923
1674,0.076362683
1675,0.038758379
1676,3.59E-13
1677,0
1678,0
1678,0
1680,0
1680,0
1682,0
1683,0
1684,0
1684,0
1685,0
1685,0
1686,0
1686,0
1686,0
1687,0
1687,0
1688,0
1688,0
1688,0
1688,0
1689,0
1690,0
1691,0
1691,0
1691,0
1691,0
1691,0
1692,0
1692,0
1693,0
1695,0
1699,0
1699,0
1699,0
1701,0
1702,0
1703,0
1703,0
1703,0
1703,0
1705,0
1706,0
1706,0
1708,0
1708,0
1708,0
1709,0
1710,0
1712,0
1713,0
1714,0
1714,0
1718,0
1718,0
1718,0
1723,0
1724,0
1725,0
1726,0
1726,0
1728,0
1733,0
1733,0
1733,0
1739,0
1742,0
1742,0
1742,0
1743,0
1743,0
1744,0
1745,0
1745,0
1747,0
1747,0
1750,0
1752,0
1752,0
1754,0
1755,0
1756,0
1761,0
1761,0
1764,0
1765,0
1767,0
1767,0
1768,0
1770,0
1770,0
1774,0
1777,0
1777,0
1781,0
1781,0
1783,0
1785,0
1788,0
1788,0
1790,0
1791,0
1801,0
1802,0
1803,0
1803,0
1805,0
1806,0
1809,0
1810,0
1811,0
1811,0
1811,0
1816,0
1817,0
1821,0
1822,0
1824,0
1825.997268,0
1827.991803,0
1828.989071,0
1834.972678,0
1837.964481,0
1840.956284,0
1841.953552,0
1842.95082,0
1843.948087,0
1843.948087,0
1843.948087,0
1846.939891,0
1846.939891,0
1846.939891,0
1847.937158,0
1851.92623,0.260460695
1851.92623,0.260460695
1852.923497,0.228844158
1855.915301,0.100227492
1855.915301,0.100227492
1856.912568,0.049779468
1861.898907,0
1862.896175,0
1864.89071,0
1866.885246,0
1866.885246,0
1866.885246,0
1869.877049,0
1869.877049,0
1872.868852,0
1872.868852,0
1872.868852,0
1876.857923,0
1878.852459,0
1879.849727,0
1880.846995,0
1882.84153,0
1884.836066,0
1884.836066,0
1884.836066,0
1886.830601,0
1887.827869,0
1891.81694,0
1892.814208,0
1892.814208,0
1892.814208,0
1893.811475,0
1897.800546,0
1897.800546,0
1901.789617,0
1902.786885,0
1903.784153,0.1083403
1903.784153,0.1083403
1905.778689,0.118743444
1905.778689,0.118743444
1905.778689,0.118743444
1905.778689,0.118743444
1906.775956,0.091855556
1906.775956,0.091855556
1907.773224,0.062317255
1907.773224,0.062317255
1910.765027,0
1910.765027,0
1911.762295,0
1912.759563,0
1913.756831,0
1915.751366,0
1915.751366,0
1916.748634,0
1916.748634,0
1917.745902,0
1918.743169,0
1918.743169,0
1919.740437,0
1919.740437,0
1921.734973,0
1922.73224,0
1923.729508,0
1923.729508,0
1924.726776,0
1925.724044,0
1926.721311,0
1927.718579,0
1929.713115,0
1931.70765,0
1931.70765,0
1932.704918,0
1932.704918,0
1932.704918,0
1933.702186,0
1934.699454,0
1934.699454,0
1935.696721,0
1936.693989,0
1937.691257,0
1937.691257,0
1938.688525,0
1938.688525,0
1942.677596,0
1942.677596,0
1942.677596,0
1944.672131,0
1945.669399,0
1945.669399,0
1945.669399,0
1946.666667,0
1946.666667,0
1947.663934,0
1947.663934,0
1948.661202,0
1949.65847,0
1949.65847,0
1949.65847,0
1949.65847,0
1950.655738,0
1950.655738,0
1951.653005,0
1951.653005,0
1951.653005,0
1951.653005,0
1951.653005,0
1952.650273,0
1952.650273,0
1953.647541,0
1954.644809,0
1954.644809,0
1955.642077,0
1956.639344,0
1956.639344,0
1956.639344,0
1956.639344,0
1957.636612,0
1958.63388,0
1958.63388,0
1959.631148,0
1959.631148,0
1960.628415,0
1960.628415,0
1961.625683,0
1961.625683,0
1962.622951,0
1963.620219,0
1964.617486,0
1964.617486,0
1964.617486,0
1964.617486,0
1964.617486,0
1966.612022,0
1966.612022,0
1966.612022,0
1966.612022,0
1966.612022,0
1968.606557,0
1968.606557,0
1968.606557,0
1969.603825,0
1969.603825,0
1970.601093,0
1971.598361,0
1971.598361,0
1971.598361,0
1971.598361,0
1972.595628,0
1972.595628,0
1972.595628,0
1972.595628,0
1973.592896,0
1973.592896,0
1973.592896,0
1973.592896,0
1974.590164,0
1974.590164,0
1975.587432,0
1975.587432,0
1975.587432,0
1975.587432,0
1975.587432,0
1975.587432,0
1976.584699,0
1976.584699,0
1976.584699,0
1976.584699,0
1976.584699,0
1976.584699,0
1976.584699,0
1976.584699,0
1976.584699,0
1976.584699,0
1977.581967,0
1977.581967,0
1978.579235,0
1978.579235,0
1978.579235,0
1979.576503,0
1979.576503,0
1980.57377,0
1981.571038,0
1981.571038,0
1982.568306,0
1983.565574,0
1984.562842,0
1984.562842,0
1985.560109,0
1985.560109,0
1986.557377,0
1987.554645,0
1987.554645,0
1988.551913,0
1988.551913,0
1988.551913,0
1988.551913,0
1989.54918,0
1989.54918,0
1990.546448,0
1992.540984,0
1992.540984,0
1992.540984,0
1993.538251,0
1994.535519,0
1994.535519,0
1995.532787,0
1995.532787,0
1996.530055,0
1996.530055,0
1996.530055,0
1997.527322,0
1998.52459,0
1998.52459,0
1999.521858,0
1999.521858,0
2000.519126,0
2000.519126,0
2000.519126,0
2001.516393,0
2001.516393,0
2002.513661,0
2003.510929,0
2003.510929,0
2003.510929,0
2004.508197,0
2004.508197,0
2005.505464,0
2006.502732,0
2006.502732,0
2007.5,0
2007.5,0
2007.5,0
2008.497268,0
2008.497268,0
2008.497268,0
2010.491803,0
2010.491803,0
2010.491803,0
2011.489071,0.014227808
2011.489071,0.014227808
2011.489071,0.014227808
2012.486339,0.32786824
2012.486339,0.32786824
2015.478142,0.247699177
2019.467213,0.053880918
2020.464481,0
2021.461749,0
2021.461749,0
2021.461749,0
2022.459016,0
2023.456284,0
2025.45082,0
2025.45082,0
2026.448087,0
2032.431694,0
2033.428962,0
2035.423497,0
2035.423497,0
2037.418033,0
2037.418033,0
2037.418033,0
2038.415301,0
2042.404372,0
2044.398907,0
2045.396175,0
2049.385246,0
2052.377049,0
2056.36612,0
2061.352459,0
2062.349727,0
2063.346995,0
2063.346995,0
2066.338798,0
2068.333333,0
2073.319672,0
2080.300546,0
2081.297814,0
2082.295082,0
2082.295082,0
2085.286885,0
2091.270492,0
2093.265027,0
2093.265027,0
2094.262295,0
2097.254098,0
2099.248634,0
2103.237705,0
2104.234973,0
2104.234973,0
2108.224044,0
2109.221311,0
2112.213115,0
2113.210383,0
2115.204918,0
2116.202186,0
2122.185792,0
2132.15847,0
2138.142077,0
2139.139344,0
2140.136612,0
2141.13388,0
2144.125683,0
2145.122951,0
2148.114754,0
2148.114754,0
2155.095628,0
2156.092896,0
2158.087432,0
2158.087432,0
2159.084699,0
2160.081967,0
2160.081967,0
2163.07377,0
2163.07377,0
2165.068306,0
2167.062842,0
2167.062842,0
2167.062842,0
2168.060109,0
2171.051913,0
2172.04918,0
2172.04918,0
2173.046448,0
2173.046448,0
2175.040984,0
2178.032787,0
2178.032787,0
2182.021858,0
2186.010929,0
2189.002732,0
